CHROM,POS,ID,REF,ALT
chr1,630053,rs9701055,C,T
chr1,632287,rs9651229,C,T
chr1,632828,rs9701872,T,C
chr1,633147,rs11497407,G,A
chr1,817341,rs3131972,A,G
chr1,817538,rs200599638,G,T
chr1,823656,rs114525117,G,A
chr1,845017,rs141175086,C,T
chr1,858952,rs12127425,G,A
chr1,866156,rs79373928,T,G
chr1,899450,rs116452738,G,A
chr1,899712,rs72631887,T,G
chr1,903175,rs4970383,C,A
chr1,903285,rs28678693,T,C
chr1,905373,rs4970382,T,C
chr1,911428,rs4475691,C,T
chr1,916010,rs72631889,G,T
chr1,918870,rs7537756,A,G
chr1,926428,rs13302982,A,G
chr1,927750,rs376747791,A,G
chr1,931513,rs2880024,T,C
chr1,933024,rs13302914,C,T
chr1,937572,rs76723341,C,T
chr1,942951,rs148327885,C,T
chr1,944531,rs143853699,G,A
chr1,946247,rs2272757,G,A
chr1,949387,rs67274836,G,A
chr1,953279,rs3748597,T,C
chr1,953858,rs3828049,G,A
chr1,955897,rs77608078,C,T
chr1,959193,rs13303010,G,A
chr1,962184,rs13303229,T,C
chr1,965350,rs3935066,G,A
chr1,967941,rs6669800,G,A
chr1,969372,rs35241590,T,C
chr1,975093,rs28561399,G,A
chr1,975721,rs3748588,C,T
chr1,979369,rs186101910,C,T
chr1,982260,rs41285816,G,A
chr1,983193,rs2341354,A,G
chr1,984039,rs6605059,T,C
chr1,984121,rs4970414,G,T
chr1,984475,rs116781904,G,A
chr1,984547,rs61770779,G,A
chr1,1014092,rs202075563,G,A
chr1,1014111,rs148041041,G,A
chr1,1022518,rs2799064,G,T
chr1,1024129,rs28591569,T,G
chr1,1026830,rs3128126,A,G
chr1,1039514,rs3121578,C,T
chr1,1041753,rs61766305,G,C
chr1,1042813,rs2710873,G,A
chr1,1043262,rs199563268,G,A
chr1,1043382,rs138288952,G,A
chr1,1043424,rs144164397,C,T
chr1,1043594,rs79016973,G,A
chr1,1044017,rs143324306,G,A
chr1,1044368,rs113288277,A,T
chr1,1045444,rs112039851,G,C
chr1,1045488,rs146243145,G,A
chr1,1045759,rs200684031,G,A
chr1,1045864,rs202061838,G,A
chr1,1047588,rs149268246,C,T
chr1,1047625,rs149762107,G,A
chr1,1047660,rs148948883,G,A
chr1,1047863,rs142620337,C,T
chr1,1047876,rs536657086,C,T
chr1,1049591,rs111818381,G,A
chr1,1050066,rs2275812,G,T
chr1,1050080,rs2275811,T,C
chr1,1050525,rs143143061,C,T
chr1,1050785,rs145444272,G,A
chr1,1051352,rs144245019,G,A
chr1,1051357,rs17160781,T,C
chr1,1051583,rs145116277,C,T
chr1,1051873,rs113261977,C,T
chr1,1053522,rs74223856,C,A
chr1,1055037,rs2465136,T,C
chr1,1055153,rs4308920,G,A
chr1,1055393,rs2799072,C,T
chr1,1055502,rs4587516,C,T
chr1,1055563,rs28632009,G,C
chr1,1063015,rs7526076,A,G
chr1,1068951,rs113592356,C,T
chr1,1083324,rs9442372,A,G
chr1,1086843,rs115723010,G,A
chr1,1087043,rs114326054,G,A
chr1,1087734,rs61766340,G,A
chr1,1088408,rs12132100,C,T
chr1,1091048,rs116334314,G,A
chr1,1091533,rs115662838,C,T
chr1,1092508,rs77334480,C,T
chr1,1094994,rs12731175,G,A
chr1,1096160,rs9651273,A,G
chr1,1104646,rs6671356,T,C
chr1,1109951,rs147606383,G,A
chr1,1110226,rs12080505,A,C
chr1,1118711,rs61766344,C,T
chr1,1127258,rs9442373,C,A
chr1,1129916,rs4072537,T,C
chr1,1130346,rs11260598,T,C
chr1,1133503,rs61766346,G,A
chr1,1135087,rs139475585,G,A
chr1,1136801,rs141230226,C,T
